<?xml version="1.0" encoding="UTF-8"?>
<project-private xmlns="http://www.netbeans.org/ns/project-private/1">
    <editor-bookmarks xmlns="http://www.netbeans.org/ns/editor-bookmarks/2" lastBookmarkId="0"/>
    <open-files xmlns="http://www.netbeans.org/ns/projectui-open-files/2">
        <group>
            <file>file:/D:/Blog/web/registrationProcess.jsp</file>
            <file>file:/D:/Blog/src/java/bean/Provider.java</file>
            <file>file:/D:/Blog/web/writeArticle.jsp</file>
            <file>file:/D:/Blog/web/showArticles.jsp</file>
            <file>file:/D:/Blog/web/logout.jsp</file>
            <file>file:/D:/Blog/web/index.html</file>
            <file>file:/D:/Blog/web/register.jsp</file>
            <file>file:/D:/Blog/web/index.jsp</file>
            <file>file:/D:/Blog/web/login.jsp</file>
            <file>file:/D:/Blog/web/adminLandingPage.jsp</file>
            <file>file:/D:/Blog/web/loginprocess.jsp</file>
        </group>
    </open-files>
</project-private>
